;coyrreo@example.com;2024-02-24 16:39:26.396949
coyrreo@example.com;2024-02-24 16:40:54.689520
corr8eo@example.com;2024-02-24 16:59:14.262314
The operation timed out.
The operation timed out.
The operation timed out.
The operation timed out.
The operation timed out.
The operation timed out.
The operation timed out.
The operation timed out.
The operation timed out.
The operation timed out.
The operation timed out.
robey0srt9@example.com;2024-02-24 17:32:25.709883
ro8beysrt9@example.com;2024-02-24 17:34:21.790761
ro8beysrt98@example.com;2024-02-24 17:38:11.685328
ro8beysrt98@example.com;2024-02-24 17:38:13.432383
ro8beysrt98@example.com;2024-02-24 17:38:14.840484
ro8beysrt980@example.com;2024-02-24 17:38:39.138034
ro8beysrt987@example.com;2024-02-24 17:40:39.077526
ro8beysrt987@example.com;2024-02-24 17:40:41.816081
